id_equipamento,idade_anos,horas_uso_continuo,rpm_medio,temperatura_celsius,houve_quebra
1,6,11,1692.5288099144664,92.48825565518204,0
2,4,10,1800.0358374589139,90.76025167781923,0
3,4,18,1818.5370064197334,98.63385429567863,0
4,12,4,1568.6396092791867,83.81560535222162,0
5,9,1,2102.5754539494715,81.37153461857791,0
6,8,1,1057.772782248931,79.18963076045623,0
7,1,2,1564.2894289775593,78.17853767418617,0
8,11,9,1662.4827142563931,91.71282508662573,0
9,13,11,2144.186470857979,95.96601377136992,1
10,13,8,1072.3377246371965,83.2383419893601,0
11,7,10,1519.4008629146063,92.21022454300794,0
12,8,18,1933.6693428114481,94.47094220358761,0
13,9,15,1997.418677385263,94.29559091638937,0
14,13,4,1555.7938254112046,89.2882717716094,0
15,13,4,1016.9832374519789,77.18203542697253,0
16,4,2,1748.8036511968137,82.95355686222592,0
17,8,7,966.452146366377,83.65100554042657,0
18,7,13,1291.8743749631358,88.32159138007847,0
19,6,8,1726.3500232570204,88.93009171329193,0
20,13,11,1392.358373069708,86.19978880941827,0
21,11,18,1635.0275185894434,100.02916074614463,1
22,3,16,1753.9323886684372,94.31625644581285,0
23,4,12,1802.8673858473603,92.7699650048918,0
24,11,3,1767.6569504802997,89.62569554280253,0
25,12,11,1308.7048469223967,91.49750022219271,0
26,1,6,1691.4725308168152,88.80880479908937,0
27,6,8,1570.4571427322435,83.58693599958146,0
28,3,6,1525.677786803483,85.13986547350665,0
29,4,15,1989.3921533228468,103.26778816224245,0
30,13,2,1186.3268142376592,74.23583597032773,0
31,2,4,1394.3526262166474,86.15805528976928,0
32,9,4,1678.4287276295722,83.00098927326324,0
33,14,18,1396.041317890437,93.19922872643514,0
34,1,8,1434.6999521580474,82.06048837276899,0
35,12,8,1929.4236673058754,84.86206992011178,0
36,10,15,1549.4694133974374,96.92360942332023,1
37,7,18,1641.2184825454913,93.62744872455707,0
38,14,6,1442.8205540767424,86.94060145898365,0
39,14,7,1659.0928799336489,86.74961837460313,0
40,8,8,2095.982983691575,88.29020327571948,0
41,13,9,1720.9533911564492,88.12269773668321,0
42,4,9,1667.7405384244375,93.58709174890275,0
43,9,16,1232.89249330234,93.22444865084113,0
44,9,3,1986.0550959992147,83.40172168935432,0
45,1,15,1570.6066879463467,88.89008296130692,0
46,13,8,1608.4964450887628,86.93191779282817,0
47,2,4,1538.5733485849019,84.78860324414286,0
48,8,10,1341.350130937345,81.31691022329315,0
49,7,12,1367.4099864259708,88.34058723597421,0
50,4,9,1608.158035761475,87.92214133268554,0
51,9,12,1227.7618143970055,84.62966956101887,0
52,4,5,1531.3114310430567,82.35096793316356,0
53,6,14,1697.599366002713,90.0470072198641,0
54,6,14,1425.851502342682,91.41739035314484,0
55,9,9,1443.5285168699427,83.70001526380894,0
56,6,1,1751.3485069006065,82.57551065873237,0
57,5,19,1480.1557643054607,90.79197713985111,0
58,4,6,1277.7132782707813,83.10917300577259,0
59,6,9,1402.1856920515952,88.0618218161145,0
60,12,8,1018.2253259314327,78.099473553222,0
61,1,15,1574.2337942687418,90.37273156874029,0
62,3,8,1513.977411863167,91.35301379596181,0
63,13,15,1447.294125205679,91.21913602130589,0
64,6,11,1456.3626711594407,90.96301271471773,0
65,4,19,1907.03991660873,99.75579051364768,0
66,12,1,1461.02522716181,78.92919003231687,0
67,8,11,1619.3605951844363,87.22349363984101,0
68,9,1,1599.8867376840428,84.41853247050327,0
69,11,10,1562.746282955585,87.08243236157092,0
70,13,15,1002.6731500863536,89.38340049402018,0
71,9,6,1677.9496745334418,89.23652583955291,0
72,11,8,1269.0075014961503,80.03694503880546,0
73,10,14,1875.6584081635112,93.01449633709363,0
74,2,13,1726.690528488473,87.7405727656553,0
75,8,8,830.0235170021369,81.84420426612783,0
76,5,10,2013.060494647362,90.050879102504,0
77,4,13,1893.3980911084168,86.93946731856221,0
78,10,6,1880.1794508458004,88.02973892251144,0
79,10,9,1539.3221592482034,88.3597052306258,0
80,3,19,1448.4299421164544,96.96890248658644,0
81,7,15,1553.7833930754177,90.1185140005883,0
82,13,16,1804.9250763335813,95.62288630348245,1
83,2,7,1541.02082780844,82.76007463493363,0
84,11,14,1794.2052743840718,96.3732477833328,1
85,9,12,1303.8960148072133,82.74389355773586,0
86,8,4,1258.5781494215348,80.12277026720018,0
87,7,3,1592.3445591093541,81.15093898179049,0
88,9,3,970.9269146072437,85.89551997019419,0
89,14,18,1311.727663179885,92.4500725743817,0
90,7,17,1742.1172202024243,94.0330342628881,0
91,3,3,2103.0488002218044,86.82173423895698,0
92,1,10,1109.7555759764423,84.48750905547627,0
93,7,6,1554.7056774332827,84.64247360555596,0
94,10,4,1376.002928993879,81.1854114172058,0
95,10,3,1574.0553882531628,81.27341810394746,0
96,13,4,1468.8598920367076,82.12078281391949,0
97,12,13,1033.904977237019,90.74283087828175,0
98,4,4,1748.3379387317664,85.78933338889377,0
99,8,2,1375.2177991392275,77.37000948797706,0
100,14,10,1850.0759458125572,86.54606485448963,0
101,10,3,1454.3604710190457,77.3612221256911,0
102,8,9,1287.5603926919446,83.14570978887494,0
103,11,4,921.8017062192687,81.15437323980933,0
104,6,8,1311.8066954010608,90.28120675846702,0
105,12,15,1487.6429722399628,86.66789577139825,0
106,5,18,1407.0274355883219,100.22827007588175,0
107,4,6,1709.0435792940968,88.98476269901583,0
108,2,18,1477.8739894272956,97.9401969985493,0
109,2,11,1523.5621701101998,91.07076861736513,0
110,10,13,1882.475314634279,95.99546467918407,1
111,14,10,1660.287370303945,87.14546770866292,0
112,9,9,1041.9750664649107,82.00933805248911,0
113,2,2,940.4772652716247,76.28525828642272,0
114,1,5,1467.9019901761014,87.97371680387701,0
115,8,9,1391.6822241723437,87.99363992250188,0
116,8,13,1509.8045300347496,87.74481720243543,0
117,9,16,1460.6900252489925,91.27995185279939,0
118,3,18,1463.4064041383986,87.46672724520737,0
119,1,14,1417.0791798186376,96.68610393560891,0
120,12,17,1244.9914885623934,89.85261992452571,0
121,12,13,1527.1614734894592,90.35253763409732,0
122,14,11,1336.815647159546,86.56277213529964,0
123,1,12,1665.092379083754,92.1185462954055,0
124,2,12,1433.4267761322262,91.21833788418769,0
125,5,4,1594.6636036984974,84.13405275587438,0
126,12,18,1808.8052900933762,95.47466776795928,1
127,10,5,1461.797022658089,84.81977758205115,0
128,5,1,1864.550129545495,82.4062088722662,0
129,14,3,1747.9652736904852,83.77911273019572,0
130,13,5,1250.7039036690373,85.03910473655039,0
131,11,8,1344.6676217889415,86.12978351452821,0
132,8,8,1518.2064234865222,88.73233691879625,0
133,7,11,1511.5288546046238,89.20804641464774,0
134,9,3,1293.0003531423793,79.6943434431364,0
135,12,3,1454.694707251559,89.52825613161126,0
136,3,5,2164.077598294949,92.68351069363978,0
137,3,17,1124.5007519957583,88.9763370985612,0
138,3,2,1503.059705295082,85.70625594280588,0
139,5,13,1634.1714832122354,93.54025915214157,0
140,9,1,1390.5051610370406,81.80170733713221,0
141,10,14,1868.8164819024644,89.84452079047392,0
142,9,11,1438.5389030405036,85.57723857710728,0
143,2,9,1326.3654376428376,89.06170831582033,0
144,14,7,1784.8248607972496,82.44072107536725,0
145,13,14,1257.897512092654,98.01605423407531,1
146,1,3,1686.279827360056,79.77856232259244,0
147,14,12,1746.87674555232,94.95135622519987,0
148,3,17,1098.0017518746777,91.88970021339215,0
149,8,8,1742.2766406855665,86.98499293667207,0
150,10,16,1201.9210385092254,89.68205266167668,0
151,13,2,1521.3851530427582,83.16414218571785,0
152,13,3,1391.651237129827,80.73862731377466,0
153,1,3,1495.8427281298573,79.75663185532922,0
154,11,19,1219.3420640580057,93.18565084940346,0
155,7,12,1278.8841592508932,85.45913331855186,0
156,9,11,1823.347238788981,94.90239730294414,0
157,12,10,1090.2432226310455,80.45736624837156,0
158,11,19,1229.1326694553807,93.96507687163395,0
159,5,16,1359.6566600807587,98.22969446456464,0
160,12,17,1491.1184992082744,95.77925530415787,1
161,9,17,1784.6247089539957,97.69078013651333,1
162,1,12,1345.6555691940275,91.53353288318448,0
163,5,11,723.1804289296045,84.01214746594557,0
164,5,5,1858.689054830865,85.95204643588458,0
165,9,3,1157.0501587601507,77.09209157063698,0
166,4,7,1401.8240799097973,84.07153504801171,0
167,4,9,1037.6889488781244,86.6034039370357,0
168,1,19,1339.1307985400247,89.8847000170763,0
169,2,19,1544.956283182855,93.42036734156295,0
170,5,2,1288.8715340029942,82.00720894629406,0
171,8,9,1634.7588453229025,87.62263111733567,0
172,5,19,1615.476652852656,95.91587468577757,0
173,7,16,1546.9164866238248,91.96473152973054,0
174,3,8,1605.106850538781,87.23343459578336,0
175,14,10,1556.2903647896026,87.35840524889271,0
176,6,7,1714.5639340999292,91.06497173741218,0
177,4,9,1587.1176921191127,88.1075952998759,0
178,9,15,1324.2107732662237,90.50347110949737,0
179,3,15,1258.6130359398871,89.75339168522537,0
180,2,12,1167.2936571690068,90.36941416706395,0
181,1,19,1820.8874889417957,96.85877784387262,0
182,12,19,1571.6115390443056,94.78281816407964,0
183,2,3,1668.6968238293673,88.24275783875862,0
184,5,3,1734.6175972243163,78.72086182570816,0
185,4,11,1908.1232241354187,94.94155360022533,0
186,13,19,1668.2728539868187,95.0462183547324,1
187,5,2,1256.746189592868,83.39395828828421,0
188,11,1,1806.0571388820217,86.55220325779513,0
189,2,6,1628.781041326227,86.80714105400358,0
190,1,10,1450.6232197622287,89.08973274854358,0
191,3,9,1428.8381406669032,90.52075762446576,0
192,11,17,1357.183671359401,93.34618673759473,0
193,5,8,1507.6097992937666,85.14825902249838,0
194,14,15,880.2461522577778,85.63397955643119,0
195,3,9,1904.684138352769,90.45084392753596,0
196,4,10,1201.7059332172412,80.87056576677749,0
197,3,2,1797.8646098055412,85.09574879748753,0
198,14,9,969.5199040808238,83.32532080055914,0
199,10,16,1377.7115210649447,91.46850565970149,0
200,3,1,1465.9663608325454,81.57207305200994,0
201,12,3,1253.3500182243517,81.95885119795692,0
202,12,18,1438.6309347508695,99.82912792937265,1
203,3,9,1254.724892454591,87.51776749569882,0
204,12,5,1824.882354199843,85.6265279106156,0
205,12,17,1700.4772034784842,92.60672798713932,0
206,1,14,1256.0977867582978,90.61953975692273,0
207,13,14,1302.6502682182472,84.35585369801515,0
208,5,9,1385.408328544324,89.52781376396906,0
209,9,3,1646.536954313979,88.6349397908378,0
210,10,9,1594.3946820378953,90.87286691715379,0
211,11,6,1801.5006531135373,87.74635742385114,0
212,11,7,1429.7242723347867,83.54192258909671,0
213,1,1,1441.185056553068,75.91549000127401,0
214,8,17,1963.5725810188687,100.67622428980235,0
215,12,11,1347.7068801545051,85.63482687063421,0
216,2,7,1577.556081498139,82.67716355131996,0
217,4,17,1382.5939498442588,91.61231251279672,0
218,10,7,1268.7590319799115,79.14361288140789,0
219,4,15,1282.938816961057,91.34779645741713,0
220,7,3,1614.4732997547553,84.4880506611815,0
221,7,5,1989.3456152005258,83.19908742129215,0
222,5,5,2039.0024557874422,88.36482850210449,0
223,8,1,1490.9738579235614,77.70943775258081,0
224,13,7,1308.2282164429619,85.49344852267724,0
225,7,9,1314.6692874402022,87.87561079918359,0
226,14,5,1046.4344137309909,78.08028997059547,0
227,2,3,1784.2351186965882,80.27767491687153,0
228,12,14,1885.9148571034275,89.77747443198564,0
229,10,17,1485.1653202246277,98.27796897692599,1
230,8,1,1280.5147479481047,77.26096983845616,0
231,14,10,1484.626056553082,86.88460905043499,0
232,9,7,1510.903363710988,86.2703618693856,0
233,12,4,1280.2132569121743,81.32808166035886,0
234,13,16,1294.2554420748163,92.79447846258779,0
235,11,15,1811.235264250354,93.11211701366713,0
236,3,17,527.4821371759126,82.14153016967046,0
237,14,17,1279.8847467496525,90.83431466353301,0
238,13,19,1890.1476833552756,96.7510667875661,1
239,7,10,1784.7660814366386,95.00137000274407,0
240,9,19,1559.8193763117638,93.93223235240646,0
241,12,18,1143.5485692913885,90.90553434466958,0
242,4,10,1967.4251711405145,92.30168037294091,0
243,7,2,1428.2913718511486,85.45432422810813,0
244,12,4,1135.0029508452155,82.6602716480635,0
245,3,16,1654.492859501982,96.04188201674997,0
246,5,7,1259.1071812027187,80.90223576801591,0
247,12,9,1498.6083349980647,90.78962946306616,0
248,9,7,1728.2526137858313,86.99685920267233,0
249,7,4,1770.831564559551,86.85891614719198,0
250,12,4,1884.8662534386544,86.58611598519826,0
251,12,1,1601.287144558957,85.50315307449618,0
252,7,9,1757.9800738928043,87.94790698362088,0
253,10,17,1726.4549315064141,96.25636664189395,1
254,5,18,1542.5177994657147,97.01943572086469,0
255,11,11,1397.3135671117843,87.7124115827006,0
256,4,19,1621.916623504832,95.07533686646087,0
257,4,19,1314.5238158815898,90.79558182480058,0
258,4,14,1231.286197691897,87.24364494888947,0
259,2,16,1563.9418251227137,90.01160318394548,0
260,1,12,1472.3834889270097,88.79412671713158,0
261,11,14,1388.628460254874,89.88076025444153,0
262,9,10,1538.1977124377556,86.44536732339937,0
263,13,16,1384.289421213104,90.34598048602028,0
264,4,11,1955.833172718081,90.8817710105902,0
265,7,11,1362.41241349948,91.39487294726071,0
266,3,6,1655.6174034560595,86.1587916193083,0
267,11,6,1634.0329754541988,87.72453498742622,0
268,5,10,1367.4445583834122,85.07918591994996,0
269,8,8,863.7686113806255,82.6232457842634,0
270,3,13,1099.301260669596,87.60637349351407,0
271,11,6,1967.55008483776,87.76483377651421,0
272,7,15,2086.384133897477,95.10660729326861,0
273,11,4,1425.525603461146,80.09483965952349,0
274,11,14,1206.5472044569651,88.32935185966285,0
275,13,15,1529.0066604034978,90.296575230624,0
276,8,2,1648.1333918593205,84.44593764811226,0
277,9,13,2066.9986993095326,89.85655532990583,0
278,10,3,1458.7174976907577,87.68642323431331,0
279,12,2,1792.7596205960867,83.14465033905492,0
280,14,1,1542.7720069106358,85.10208321268541,0
281,4,14,1329.4930634375667,85.03955636538512,0
282,14,7,2105.897523104412,94.24123063068348,0
283,7,19,1565.2036997671216,96.71891275087314,0
284,9,18,1987.72853287198,98.0334528309632,1
285,12,18,1460.5232658391938,92.93724720496296,0
286,12,10,1660.0692244857153,87.38708485081116,0
287,2,13,1391.3093896988025,91.553226036427,0
288,6,9,1592.452764091608,85.82408227425772,0
289,2,3,2129.513434862579,87.81148957316894,0
290,11,19,1415.2372345390038,91.87855573503168,0
291,6,18,1335.6964799939637,91.74737106413592,0
292,5,19,1421.1356228803352,92.63129215977058,0
293,7,9,1477.637412801546,80.54090525923924,0
294,12,17,1598.2183727069519,94.72906986275724,0
295,8,19,1509.1870022375545,91.44286265208416,0
296,3,18,1192.3209412952226,89.75340219505243,0
297,3,3,1387.1728514598105,82.58592946573602,0
298,2,8,1500.4082975216365,91.47420424016244,0
299,12,7,1230.1421867093181,80.11063918066492,0
300,10,17,1674.3861539220695,91.27199442595942,0
301,1,5,1130.2421522788873,84.66501253974359,0
302,11,17,1587.9695458125543,92.28475121515747,0
303,11,3,1544.0129830686055,83.36239366691274,0
304,10,4,1452.0107421363102,79.04844446022827,0
305,14,1,1470.4676841549601,81.6386285074567,0
306,2,14,1673.3984311900235,95.27334266137561,0
307,13,9,1544.893664178785,81.45111586378914,0
308,14,15,1396.3614327980722,87.13644912098155,0
309,13,3,1625.1230927887602,78.5626922357067,0
310,1,13,1864.460028022728,95.94539747714434,0
311,9,14,2008.453136351986,94.9824828824489,0
312,13,16,1932.1313596813563,96.64879047897436,1
313,5,19,1581.7306692585853,96.45653672606133,0
314,4,16,1321.227472165751,92.50734384530455,0
315,7,19,1220.0437714520444,89.91065233662445,0
316,11,4,1639.347075985282,80.78335911521596,0
317,6,11,1363.9344275945587,81.41233543340331,0
318,13,13,1841.3065818421528,93.57773209839955,0
319,9,14,1168.788838610467,90.22129937176317,0
320,11,18,716.5666400097648,90.42715209093758,0
321,14,10,1446.1057052257015,88.67984238525233,0
322,3,2,1270.09245220355,79.40214747802592,0
323,6,12,2197.0593908033143,93.12579414358247,0
324,6,16,1348.7541273221445,91.76656389101268,0
325,2,17,1182.8591848195867,96.99547426504431,0
326,8,1,1764.2852954457821,78.89649528918218,0
327,12,3,1742.0071349283276,82.87016152896604,0
328,14,12,1545.274159840162,95.88498357043663,1
329,3,13,1375.445284634224,89.6209597913699,0
330,2,2,1597.5474644099177,83.32954468362001,0
331,3,8,1686.826991174647,90.97725423321197,0
332,4,4,2153.333987420595,83.83838330702906,0
333,11,16,1425.3337733878734,100.43450530241219,1
334,14,13,1785.2715043229591,92.17838444888966,0
335,11,5,1274.7264363201461,80.6882755040322,0
336,14,18,1859.9427390821138,95.16357288732831,1
337,10,8,1382.4221957604368,84.38057210378126,0
338,5,5,1293.3284515309967,81.72379532443591,0
339,10,12,1509.5086939080197,90.49744170987879,0
340,4,8,1198.174191040357,83.23012258391373,0
341,4,17,1231.6477347083635,88.17317485896375,0
342,9,15,1253.5697692676056,90.06682107860784,0
343,7,1,2005.646186454906,83.11291214970107,0
344,12,15,1389.1442100018257,93.51210698045159,0
345,7,14,1716.1050203880889,90.57654436650616,0
346,9,6,1701.3229625563513,80.65254784226929,0
347,12,3,1807.2427169752564,84.84589432874544,0
348,7,13,1089.1699058551199,86.05787253804333,0
349,1,5,1347.329552894955,85.7266251850337,0
350,8,16,1747.924310739503,98.29507476507399,0
351,4,16,1678.9073982332916,89.9628059002957,0
352,14,2,1467.1354086727497,80.79369434765322,0
353,10,4,1762.6958581413564,84.24878039934178,0
354,14,17,1584.951879580636,92.36962322939218,0
355,10,1,2276.6605782461875,88.52687677168706,1
356,14,11,1234.6267165967452,85.82781079511966,0
357,4,9,1381.3375184364072,86.46704217246963,0
358,3,16,1759.3358792828026,92.38262098299012,0
359,10,13,1892.779122459397,93.16756581754808,0
360,6,1,1971.5294413276988,85.71084970837055,0
361,3,19,1594.7550734501356,93.38184456374287,0
362,2,8,1745.0210059224064,90.75553509179146,0
363,10,11,1535.2529356680984,90.69141400539537,0
364,7,13,1276.1762293157215,93.5008421085584,0
365,9,6,2154.206166264751,90.28730764420386,0
366,2,3,1077.127973440794,81.36900595579918,0
367,14,10,1780.537533868884,89.87413585425021,0
368,1,3,1544.6844217423022,81.40139464910285,0
369,10,17,1440.086792298372,96.03483574921474,1
370,9,1,1143.0241165703046,77.35035493972508,0
371,11,8,1546.5897248045123,89.93862982290423,0
372,6,6,1163.7984181995844,83.3360765851647,0
373,1,15,1321.8735612017306,91.15313882980641,0
374,3,16,1332.8551561584095,90.62042211648352,0
375,4,3,1461.6352385796433,88.32864842372496,0
376,5,10,1525.8773476361973,87.33180552090248,0
377,9,8,1407.7528732007604,86.63304873866048,0
378,8,7,1552.666155553931,87.35807067074373,0
379,5,3,982.0175472738598,78.38039344134909,0
380,1,14,1068.696421988148,90.47551474203634,0
381,7,19,1622.0236675952096,97.03349609399685,0
382,10,2,1611.5175748484185,77.34648191811449,0
383,12,19,1354.917803171788,94.67032500884132,0
384,12,7,1077.6528447509108,86.41347824224563,0
385,4,13,1746.1257236260335,91.14095139709994,0
386,6,5,865.2492714895237,74.7619638539893,0
387,12,17,1956.0910717364106,97.62741267139236,1
388,4,13,1539.8149987696866,89.60896027177046,0
389,7,16,1555.1529411398492,94.17179762195687,0
390,8,18,1036.3578959623303,98.67142263395868,0
391,1,7,1313.7977781725974,87.64123138846064,0
392,13,6,1367.384817195221,84.8176815403994,0
393,11,4,1423.5824250852684,74.9973364849476,0
394,9,15,1272.1561106980407,87.3918839305198,0
395,8,15,786.0891704630487,86.34324189652258,0
396,12,15,1664.197189531849,92.87529602154132,0
397,6,7,1704.0941780620574,87.83527111068163,0
398,10,15,1704.1875289627371,91.18109681840902,0
399,7,15,1599.2157922427903,93.12279354748046,0
400,10,14,1596.7894824582042,92.36597178904864,0
401,13,5,1622.4271265216291,89.11858300211934,0
402,11,3,1850.2675114053823,79.2003449585119,0
403,9,12,1267.6767429690742,85.73754453324055,0
404,9,4,1015.4458271421157,75.59201662841936,0
405,7,2,1324.6077166466785,81.40999784624906,0
406,3,7,1512.8333819027764,84.19798393086911,0
407,8,11,1337.818750236403,88.41634913548694,0
408,8,18,1873.9895788894921,96.76794206548364,0
409,14,4,1508.2290103956736,81.68263294225046,0
410,5,2,1275.0041159980628,71.13611280213702,0
411,3,13,1881.398468066749,99.45657156666095,0
412,3,9,1994.0619041483637,90.5908495270872,0
413,3,12,1362.8138258657295,85.09537576028198,0
414,6,16,1415.45711384783,92.69170084925713,0
415,13,9,1540.504124471832,83.79866472154384,0
416,12,10,1621.4026730661562,91.72614841168043,0
417,8,14,1997.1841615373642,92.95947264441367,0
418,9,5,1500.213680215167,86.98536884785875,0
419,9,12,1503.0151082754226,85.56236001134171,0
420,14,3,1420.5252038133415,79.22922179337775,0
421,8,4,1163.1976007240094,77.11521518505381,0
422,14,16,1621.604824431281,93.25325086700929,0
423,5,10,1707.2774247488678,91.17789592313886,0
424,1,4,1337.7694802068108,86.85665902886166,0
425,8,13,1183.0892982656692,87.26888983558521,0
426,13,6,1270.909475603152,81.7480528464716,0
427,1,14,1981.630573387761,95.16261151297078,0
428,2,13,1275.9130801017445,89.17060368320321,0
429,1,8,1418.0296194067187,85.69107902393598,0
430,1,13,2118.2092344253642,94.61765253444412,0
431,3,9,1637.0067015546394,84.27047452306829,0
432,14,5,1410.1806089493384,83.08732045755826,0
433,3,3,1781.914874350374,84.78807347482335,0
434,5,3,1363.849366358945,78.80070753334817,0
435,9,14,1237.104498956232,84.5364372992042,0
436,8,11,1769.862475777307,89.75038394235452,0
437,7,12,1052.8708583851342,89.60641906384318,0
438,11,8,1567.8059371385207,86.97819709790686,0
439,14,17,2093.9282328418003,94.65706127122087,0
440,14,5,1380.8061904524038,79.12575694680017,0
441,13,1,1829.9749138626216,87.4666124285969,0
442,9,13,1583.3508348805206,99.30046597387839,1
443,13,9,1401.2354345460876,86.61352711427112,0
444,6,3,1431.9348063587806,74.69811154032757,0
445,9,9,892.0752811559476,83.40550139083265,0
446,14,12,1248.5433803935136,84.12940174251156,0
447,14,5,1571.137353530818,95.14255351794479,1
448,9,3,1090.7778981407614,76.40557066564156,0
449,7,8,1542.4317213654476,90.16351823765129,0
450,12,12,1912.996434525051,91.79748007099276,0
451,14,7,1406.7896092513563,87.57210484007484,0
452,7,15,1593.424619848372,93.52924591948937,0
453,3,13,1673.5497198523085,93.72239817027983,0
454,10,12,1478.875168522343,86.12267168424044,0
455,1,11,1465.067933532132,93.81674674919094,0
456,7,4,1460.8551579387465,82.34146934561733,0
457,14,2,1310.67605992308,86.36096331278173,0
458,14,9,1448.0060319756403,84.39906654505624,0
459,2,4,1952.6120404601934,83.82836872195082,0
460,12,1,1009.8223039034347,80.54867819409029,0
461,14,8,1723.4926657893056,91.54528470141419,0
462,14,3,1424.8690977355786,83.89638430969946,0
463,11,15,1722.3275713436835,93.24310218644516,0
464,5,2,1330.6405098773782,83.49851238012238,0
465,12,14,1576.1504480002923,88.87371421355157,0
466,2,2,1527.8035618205377,77.98551475865023,0
467,5,12,1958.5633574212256,92.87522578946088,0
468,8,18,1540.286304146178,93.8119138632746,0
469,12,9,1413.4723378697788,90.87445771461633,0
470,12,15,1655.180240492728,95.28428829830432,1
471,12,11,1538.2021337967471,91.48738235463063,0
472,14,6,1363.70670406359,83.08796989378244,0
473,3,13,1234.777256658491,91.42495535561552,0
474,12,17,1296.085265592129,93.82794019970352,0
475,4,3,1844.6256348602253,83.39404252250264,0
476,2,9,1581.8837398449368,86.55556803241026,0
477,8,4,1261.432693944427,79.5253746578623,0
478,9,10,1380.9520798020017,83.12778864739357,0
479,10,12,1597.249910582863,91.85739066569658,0
480,6,16,1713.8261803960315,94.00614010708262,0
481,7,14,1332.9819770117117,86.87493480134272,0
482,14,6,1446.2797137096638,85.44126104090961,0
483,4,12,1467.150084107333,89.89168631624656,0
484,2,17,1615.5706868174975,97.64816553536515,0
485,5,16,1200.403936745757,91.8746975001512,0
486,13,6,1821.3299899445815,87.4358093587818,0
487,8,9,1094.0362921390056,81.95396335286777,0
488,9,7,1545.2541057776916,85.67300361243473,0
489,5,14,2062.918760981585,94.20491133234084,0
490,13,13,931.9027366699698,87.27526961174638,0
491,5,3,1569.971808233787,86.66907963306552,0
492,6,17,1120.112109050343,89.68307444371767,0
493,2,16,1812.9116315242381,94.12153242590291,0
494,6,13,2330.1245082183077,96.85213045237582,1
495,14,11,1768.511406390587,96.03239124641355,1
496,13,12,1794.9968652868001,96.27946856249525,1
497,2,5,1688.5418821591718,86.74384423057171,0
498,5,14,1432.1151441139316,92.09767894136472,0
499,8,1,1606.5310674843488,79.85278949392547,0
500,5,9,1451.841626950478,90.9465129681733,0
501,10,14,1220.9661747284908,88.65625893722698,0
502,1,14,2007.7322479150778,93.25727530069246,0
503,6,9,934.3278929393022,85.22062972354607,0
504,10,13,1708.110818441665,86.92865612115627,0
505,8,15,1703.2159543676207,94.0288249976611,0
506,1,10,2021.780534158211,91.30513256395163,0
507,2,3,1616.1961237929645,85.02203826287001,0
508,2,15,1619.6098886875525,90.51672530274433,0
509,1,11,1994.9032083229524,94.91050330760939,0
510,7,2,1505.5280662841014,87.01116733301163,0
511,5,14,2137.6611953123875,90.90914450696623,0
512,3,12,1272.050200350439,89.70553392241276,0
513,3,10,1342.3327531096713,91.0196983145442,0
514,7,15,1633.3098951465222,96.55470866015054,0
515,7,5,1450.7790757361472,85.66063553678906,0
516,2,10,1612.8556657582412,93.01728346679762,0
517,2,6,1798.3346474836203,88.56941094840597,0
518,8,6,1511.61333925308,89.51729652431018,0
519,8,11,1324.4282099555264,80.51649822516343,0
520,6,16,1536.1912112022978,96.59331817961454,0
521,6,11,1402.5014818390143,86.85867460432867,0
522,5,11,1522.7665527523407,87.3447470484554,0
523,11,7,1898.1885329173879,85.58995161353288,0
524,11,10,2048.189530059355,92.81229961874645,0
525,11,13,1029.713862885204,87.43456764492572,0
526,1,13,1691.1937941058527,91.97014741473872,0
527,5,4,1725.5019599571203,85.4827693070663,0
528,9,7,1034.408764019576,85.87444083652318,0
529,11,18,1773.7691440734377,98.60979143759896,1
530,1,14,1594.9226765113638,92.83113321342748,0
531,13,2,1347.8298109824725,81.05235233271024,0
532,14,15,972.0715048261432,85.90535528723024,0
533,6,7,1647.251197784236,85.15363335004062,0
534,12,10,1540.531988151,89.32420582972829,0
535,11,16,1307.2656955372734,87.2241243902461,0
536,7,12,1695.641374577338,89.17506032485315,0
537,11,13,1583.9615523131454,92.95313619327588,0
538,6,7,1440.667810502609,83.64444944117145,0
539,10,15,1393.3459063362511,92.69951076305999,0
540,14,9,1250.9721992305829,87.95041984971758,0
541,3,8,1616.5686522532988,90.77332751739458,0
542,9,11,1878.7714673465941,93.11495818436666,0
543,7,10,1255.3787512162094,89.99692971580619,0
544,10,18,1062.0205314298669,88.78927806959538,0
545,12,3,1082.1008063525185,79.36638854187775,0
546,8,19,1371.1784282575527,97.82279592296021,0
547,5,18,1206.2260058325194,93.50717701596143,0
548,12,2,1426.6445743413447,79.2690105247176,0
549,7,5,1231.28427800268,76.66745604255107,0
550,12,13,1208.8994632300096,87.77250497636099,0
551,12,13,1863.6014620224973,91.49697377790129,0
552,5,4,1286.763158829769,79.71770491777644,0
553,9,3,1185.8643239251617,84.5201334234728,0
554,7,16,1538.9591198461092,90.6747994379634,0
555,3,2,1477.770136052155,76.9222024892572,0
556,12,5,1406.5605895444778,77.1185992679047,0
557,5,10,1269.9753424370351,87.29666134196951,0
558,6,7,1612.5160210204497,92.73327782319812,0
559,10,8,1797.7402630578893,96.89300981548664,1
560,2,2,1465.662517474956,73.27126660823038,0
561,4,11,1242.5753316136063,81.84287515065391,0
562,10,4,2162.6749216326,82.8185214861274,0
563,10,17,1834.0240040317356,100.74679039027377,1
564,12,1,1288.26990721028,79.22982829368163,0
565,8,19,1317.4571875965862,95.3234396837532,0
566,3,11,1483.506104141286,89.87732314010178,0
567,11,11,1440.684950959803,85.76519638253868,0
568,1,13,1491.8001133993087,92.54407789026818,0
569,9,18,1398.91607136234,89.93578231193825,0
570,1,8,1496.3637318980234,82.01185059293766,0
571,9,13,1331.3335638637184,90.86443730027158,0
572,12,15,1547.8877822468796,95.30969925346069,1
573,7,7,775.8778456146345,82.04904294275835,0
574,11,2,1491.0433346911157,83.03110671102903,0
575,14,3,1129.7573849486355,83.88556643265187,0
576,11,4,950.8232648283911,77.79229841294824,0
577,3,4,1378.0893532517152,81.28848470574292,0
578,12,15,1534.884521344133,92.23451310510237,0
579,6,17,1692.343743860621,94.53166579946335,0
580,8,13,1332.2005962592061,94.63512745901731,0
581,13,19,1661.432600462407,93.5718467828373,0
582,5,1,1783.305467784728,76.40244557182764,0
583,14,1,1445.7149989253892,74.40421453054013,0
584,14,17,738.3870729309065,92.60511132567318,0
585,11,14,1007.1658152562319,93.213175267681,0
586,1,19,1749.7945546186652,101.40890150083126,0
587,14,4,814.274510258424,76.15178005581768,0
588,4,12,1131.0784273096679,82.97067865856548,0
589,10,17,1618.2003292902016,94.15503477884795,0
590,6,5,1180.6370314988899,82.45674957463457,0
591,14,19,1417.6003313721237,96.07905609326171,1
592,13,7,1276.7375210519263,85.69178413115367,0
593,13,16,1417.8828638806006,90.45129205556,0
594,7,19,1769.7863636213688,99.20767473847418,0
595,10,1,1427.3281920816733,78.94731011577636,0
596,10,4,1387.8561581937074,77.42251785615835,0
597,1,7,1632.0464177573342,86.47811334226772,0
598,10,2,1262.2533940514384,76.6448971657774,0
599,11,13,1548.04883743061,88.06690120043122,0
600,6,15,1361.6760730901117,94.26154407290413,0
601,14,13,1383.931568633383,92.22402439921518,0
602,12,8,1104.1463765984302,86.31445199768007,0
603,9,17,1229.7960024639508,92.25662979050267,0
604,13,13,1486.266572502221,91.15666465828326,0
605,12,1,1168.9580690392272,77.24213759646167,0
606,13,14,1401.2646140009515,90.91597327191953,0
607,3,14,1747.9820564137367,94.18325314577135,0
608,13,7,1437.2725372221696,88.21361126344199,0
609,1,6,1775.2998101358428,85.08564281777501,0
610,4,3,2177.4654155301464,83.61140307357692,0
611,14,10,1400.3326132369673,80.81951700782132,0
612,9,15,1238.0817575954343,94.3770312291438,0
613,9,18,1098.7613010523144,85.17666378263317,0
614,10,15,1725.5098547689806,88.12048043655159,0
615,9,7,1699.5041800188749,93.23403632490209,0
616,12,13,1914.5560563529566,88.40467084552361,0
617,7,9,1410.8373193381894,84.4191600206412,0
618,12,18,1699.9919819658817,99.19345046698994,1
619,11,19,1026.8360834441264,91.25707248682407,0
620,13,9,2109.523684479153,92.34756590146846,0
621,9,17,1623.0925398079191,90.21747660207444,0
622,6,18,1024.1419161499098,88.25954627683522,0
623,14,12,1210.2005830392504,85.57762540386942,0
624,14,17,1594.648004840265,92.73276848716085,0
625,14,13,1541.2432153914144,93.37052836948133,0
626,11,12,1024.8653048418703,83.08929523209923,0
627,2,13,1589.396656646902,95.28052527472109,0
628,1,4,1373.9625840997808,78.82057227294663,0
629,3,6,1564.020004840578,87.60930976724666,0
630,11,12,1210.9093250160372,87.18923183846104,0
631,1,14,1438.9409259690901,91.41710763285722,0
632,7,8,1710.1149444751934,88.2509858400758,0
633,13,18,1686.845602390912,98.0196215665755,1
634,7,16,1354.8787129418822,95.0228088567987,0
635,13,16,1398.4663788562984,98.51675863294012,1
636,11,13,1732.6424888606043,88.36609006955698,0
637,3,15,1823.0970265724372,92.76906769043431,0
638,13,19,1599.7183930563967,92.24318034570106,0
639,5,14,1398.6257921999313,91.46959567847689,0
640,14,6,1798.8230315544256,84.88049991206613,0
641,8,1,1410.6275956965096,82.97092056007483,0
642,4,11,1773.7376387060017,92.55295091028441,0
643,6,8,1606.7913286460619,88.02986887339256,0
644,13,5,1870.5886165549175,91.71163405992974,0
645,10,4,1915.8127010033527,93.03121840561843,0
646,3,11,1738.3211426357982,91.9743943522777,0
647,1,14,1387.2221588556301,93.37542658538614,0
648,11,6,799.914115401457,75.78048604283161,0
649,6,16,1492.3997599422578,94.3959437680333,0
650,2,18,749.2497869878741,92.7325372209809,0
651,4,19,1125.4595720695415,93.91592353299694,0
652,12,8,1793.6599573099443,90.20279855691071,0
653,9,19,1751.4224700502414,102.28749287446749,1
654,1,1,1609.6597554456368,82.83208965930808,0
655,9,15,1242.7979162393408,88.76004899994824,0
656,10,6,1199.2426717135452,76.51898771976032,0
657,13,3,1373.4779458123503,80.06601216616404,0
658,3,13,953.3580430410452,89.09997113895041,0
659,6,5,2100.607813391348,90.61729094876085,0
660,9,6,1316.4894331470243,83.29888045991878,0
661,7,7,1558.7070477940467,80.01129030959424,0
662,8,12,1136.000758788168,91.6942864308028,0
663,11,14,1312.490929609242,91.77162006452785,0
664,3,7,1268.9865179638223,79.85809390173469,0
665,6,2,1640.645146529812,79.10787392636632,0
666,1,17,1733.521387256396,89.60584111617678,0
667,3,6,1051.4221939160316,86.39877319167994,0
668,2,1,1392.5342960386472,76.72004824030232,0
669,7,5,1589.6067135028443,89.39075696529636,0
670,6,12,1869.1261671114746,95.64842639120751,0
671,14,2,1654.2881714029127,83.47077855570585,0
672,3,10,1534.362919788421,90.27809503792021,0
673,5,8,1543.3240616781272,84.61797811281942,0
674,1,18,1226.5078801155562,94.1848482225963,0
675,7,13,805.3976458582443,88.33391562126401,0
676,13,5,1150.7929306575284,82.55357507308612,0
677,9,5,1502.477655139355,80.07028409746184,0
678,6,16,1450.6124063161606,95.35726137498396,0
679,8,15,1516.8657951622654,91.76680494679229,0
680,10,8,1755.3258340210336,87.24968743549606,0
681,14,4,1370.645258612324,87.0252537978448,0
682,8,19,1699.1911939384886,99.02444854691785,0
683,11,15,1749.1453050746359,92.33389672194939,0
684,7,6,2058.9554200242865,87.73349896105655,0
685,10,11,1409.2921443456828,92.83149381235488,0
686,10,11,1182.9143302471514,88.43905900264066,0
687,12,15,2018.1849721229783,97.42450628503552,1
688,12,1,1215.6779111362557,78.56118133945223,0
689,12,17,1987.2732939241446,98.73663952136344,1
690,1,17,1336.2047325702029,94.5428000244761,0
691,6,3,1582.7088482155284,86.86422826657308,0
692,8,4,1541.8595302458039,83.1998564977869,0
693,6,12,1147.9343259176937,89.80483903289947,0
694,1,8,968.7021968954703,88.40221163763763,0
695,6,3,1323.6722964781484,80.02253257458587,0
696,13,6,1564.4990267503533,85.25824011203659,0
697,7,14,1370.054265068491,89.09228728088559,0
698,7,15,1674.8486768859354,97.6813680679705,0
699,4,13,1530.7454623948504,93.70371855210011,0
700,11,9,1591.4018309293583,93.04064637845762,0
701,6,8,1736.1373591208126,87.17174008354075,0
702,12,8,1774.9463785118412,84.69191704341814,0
703,13,6,1559.5901116267478,89.16177531090803,0
704,8,7,2020.942187767403,88.63004867229299,0
705,10,14,1583.2400514269057,91.15831748609645,0
706,1,17,1476.3086016803004,92.73840534754736,0
707,5,18,1429.437352333163,87.97798811690753,0
708,8,1,1600.3130807639454,82.64956882452387,0
709,7,15,1610.0090534301848,90.78936364347383,0
710,13,12,1324.3386868392743,88.98065647407314,0
711,12,19,1356.327098376003,97.11915116450382,1
712,3,7,1495.4276698637168,84.09433891140009,0
713,11,4,1397.5215907561324,82.5448692051189,0
714,5,18,1454.2653981721853,85.53068042076345,0
715,13,16,1269.4932175642716,95.03064660550478,1
716,8,16,1404.219194744731,94.174247961298,0
717,14,1,1560.368761663447,84.1538481935741,0
718,13,17,1408.7912961863838,92.37055978427036,0
719,3,12,1460.13152431716,88.58294799512015,0
720,11,15,1167.9076110322596,90.41400690887248,0
721,10,2,976.4654531122244,70.30375234713598,0
722,6,15,1518.591390715825,92.18250065316468,0
723,8,6,1300.100428037594,82.81102910948682,0
724,2,15,2321.580293469611,93.39163075812677,1
725,10,9,1572.8038937180074,81.12797883949432,0
726,12,6,1465.6286689074377,80.65420271648674,0
727,10,13,1738.4272814874312,90.32043006970633,0
728,5,6,1021.5212073550159,83.21496622579838,0
729,12,11,1725.3044214411848,93.675178945906,0
730,10,11,1655.423221066405,88.88299297455114,0
731,9,11,1531.3104254629043,92.98281090547914,0
732,9,2,1712.6926697218912,79.98499752482988,0
733,13,16,1507.0980375611723,89.55830642522719,0
734,6,16,1509.0472052189798,95.80245099834526,0
735,1,4,1566.5949239388958,80.77315146892889,0
736,12,3,1790.303887279812,84.87685777231985,0
737,9,4,1372.7696788373028,78.09601336670173,0
738,3,1,1966.3163655490387,83.22159175972112,0
739,9,16,1483.8031991210323,91.47963454239387,0
740,12,8,1344.6605433209586,90.46561010349643,0
741,5,1,1813.1508811651556,79.52740613789861,0
742,13,5,1457.8802945299024,87.39849419427948,0
743,11,6,1766.9759811877566,89.93105958652869,0
744,9,3,1300.934394526631,80.38682937845834,0
745,13,11,1574.7306997505705,88.4574414293044,0
746,10,5,1014.5259801826014,83.30230444138182,0
747,3,19,1589.167033006574,94.54201656611468,0
748,1,14,1731.2427929733487,97.74027801251913,0
749,14,19,1538.049697192223,95.20075640008784,1
750,6,12,1611.9126901948603,89.4388745878773,0
751,13,4,1631.8658998518067,87.49858381512759,0
752,10,15,1880.6846254853972,92.77528447057524,0
753,14,9,1374.3594935960166,83.99472271235533,0
754,2,1,1201.117998190474,80.98888240897392,0
755,7,5,1867.7172931075297,82.68764230381791,0
756,13,19,1718.5653792410076,95.03571075554594,1
757,12,7,2139.015457244204,90.38843331388655,0
758,9,10,1532.0814045045133,85.99752928878208,0
759,14,19,1291.7845499980476,94.35104585410183,0
760,2,13,2085.5673301287125,90.03786002862398,0
761,14,18,1411.9719862518173,93.42915315764684,0
762,10,11,1163.5107302297556,85.23285858499949,0
763,4,13,1601.2010584971588,92.33040000346006,0
764,11,6,1529.0469841554352,81.54794361026359,0
765,11,2,1350.7834286242512,79.98725221253,0
766,3,7,1241.5252844673219,76.96029755631227,0
767,5,10,1006.4481288616623,89.44234939915881,0
768,8,7,1534.301392878106,83.91405904453276,0
769,1,16,1469.7864676840513,89.99911663032468,0
770,1,17,1696.558861001684,91.05945865426256,0
771,5,19,1277.1110061640036,90.17565045294535,0
772,9,8,1601.0753919207327,84.24436812154006,0
773,12,19,1243.0099818841559,89.71286039347993,0
774,3,14,1097.6721906698479,88.9785169507273,0
775,10,11,2146.8440344328274,94.73294414584099,0
776,9,16,1834.4802329010486,93.59754900936903,0
777,13,18,1216.2135674665212,86.79427538614325,0
778,14,12,1155.2521190129512,84.59699042771378,0
779,7,8,1060.6976480643852,91.47201991109854,0
780,4,10,1546.2904968374128,85.86376489138422,0
781,10,16,1877.950658349003,95.43818984878486,1
782,14,12,1456.3236781796218,88.03242218663004,0
783,12,15,1373.7501118744208,86.4341927560364,0
784,14,1,2535.1357994349146,92.69363862776007,1
785,8,6,1781.807093441611,90.94071469261952,0
786,13,15,1331.3223007622628,94.60932320020657,0
787,5,11,1433.1086999412667,84.12773811894898,0
788,4,12,1401.247617497872,90.64254657362999,0
789,14,3,2003.6449326006668,87.01144683532162,0
790,8,12,1066.1178114010354,87.45743030154048,0
791,8,15,1798.6824235084655,93.47413126899342,0
792,8,13,1396.1417954981357,89.57195037542154,0
793,1,10,1344.5733122690563,86.57667212746998,0
794,12,16,2069.622906172419,103.24006547156658,1
795,4,8,1633.5296560871188,89.1277388638457,0
796,10,7,1162.2819897505494,83.86090781915699,0
797,7,12,1897.858039314792,87.4941327029722,0
798,2,9,1061.580139463676,86.75397502172042,0
799,10,2,1687.4886980184492,79.92489307523273,0
800,2,10,2057.290978330315,94.50695961029388,0
801,5,1,2012.432127261523,84.54256402309898,0
802,1,17,1225.9594422737225,91.18282803850084,0
803,14,13,1984.6608922146954,96.67129880256695,1
804,5,6,1233.726448347516,83.85247450424075,0
805,3,4,1734.3013512944303,81.84623419707438,0
806,8,17,1761.2833740588198,94.1560427907021,0
807,1,3,987.3522056253091,76.1058789352474,0
808,4,17,1734.9328376549927,92.08216578357212,0
809,7,1,1624.1531545661244,82.32820317987115,0
810,3,5,1807.808253546692,91.7015765660845,0
811,12,10,1470.9652379953427,84.16264305054044,0
812,2,12,1649.4212924617195,89.81361908490697,0
813,12,3,1667.365964949856,84.3705151178033,0
814,5,16,1107.681701653146,96.8908736696703,0
815,2,1,1966.0746853031185,84.82991259630305,0
816,9,7,1799.6288632833684,88.75266014065322,0
817,4,16,1552.840153410966,96.06822401929408,0
818,7,14,1328.6583854202722,90.63178388391822,0
819,1,9,1467.7412331847713,90.9459293170946,0
820,13,8,1303.512634839234,81.97438656431838,0
821,3,2,1349.5212813598237,82.08730507542673,0
822,6,11,969.7777398130563,88.50661831945152,0
823,6,5,1119.8808313240384,84.27958805987733,0
824,7,11,1310.1992513041662,89.52076093852494,0
825,6,18,1475.0072335989128,95.42135493288879,0
826,6,16,1381.3247422375714,100.51568083217055,0
827,7,1,1377.4274429217537,81.64706604333828,0
828,4,9,1479.529072607274,87.94338931201182,0
829,12,12,1857.171759020216,99.80403271632709,1
830,7,1,1298.0745996127073,78.40870868445293,0
831,9,3,1398.3443581271508,82.25024977440077,0
832,8,18,1723.4563519859382,98.61036986469514,0
833,9,1,831.7076785397048,75.88595564033055,0
834,7,10,1494.0449145919508,85.04457339433111,0
835,2,2,1913.974052817803,84.17993192560735,0
836,13,1,1060.195501602565,77.59149999115564,0
837,6,9,1590.5289372433017,86.6432412970241,0
838,9,12,1667.339556935469,95.45988354741661,1
839,8,8,1546.326313614305,88.86869178477475,0
840,7,17,1215.162907893959,94.160608345929,0
841,7,15,1793.3432809762542,91.55939378939892,0
842,4,3,1792.7560311162117,84.65211363193868,0
843,4,4,1494.3449923594962,84.25509252716083,0
844,6,10,1173.7998057617515,84.04861183501747,0
845,12,8,1669.0888297812157,84.24816873213122,0
846,4,4,998.707767149541,73.21729499803807,0
847,10,3,1033.676667271084,76.66755757361985,0
848,14,19,1788.917883858251,99.32781711387587,1
849,13,13,1433.495476031617,85.5766187831119,0
850,6,3,1868.402490166983,82.61626371052077,0
851,9,7,1457.8486165781521,82.67702658003888,0
852,3,17,1960.2974975669988,95.03873785577464,0
853,14,17,1128.6029789201152,91.25620463071225,0
854,8,5,1191.5055993547403,75.65525492297841,0
855,6,12,1286.6201982865698,89.18484556048152,0
856,7,9,1270.1116013369003,88.19084241648508,0
857,14,19,834.7586049868322,89.66708270404169,0
858,10,11,1382.868855367126,85.7987085611685,0
859,2,11,1508.7973580621335,89.77477836171887,0
860,12,18,1304.8958623810895,94.25222588491427,0
861,9,6,1921.4245114099763,87.62083839397407,0
862,14,3,1690.7807973210356,85.31854109069488,0
863,9,16,1836.0972497945152,94.04951967661074,0
864,8,3,1187.6472132686292,78.60249502000224,0
865,3,9,1394.4497858561263,91.94506059788672,0
866,3,3,1602.7931831804058,86.50799950286088,0
867,1,5,1704.916663853272,83.76297508565536,0
868,14,8,1427.4003314518466,89.67817939001904,0
869,8,5,2181.122382016304,88.46564728566817,0
870,6,13,1370.3886374592898,90.23294505051764,0
871,13,16,1403.909133868663,88.24549532705711,0
872,9,7,1029.848039894643,78.62876341416519,0
873,2,18,1601.294520979502,88.29409662800253,0
874,12,2,1504.276654156264,79.46150868620744,0
875,5,9,1657.9924270170868,90.6696177025978,0
876,6,16,1412.2918027335961,90.97106588518182,0
877,14,16,1168.5926774363677,90.21620915463495,0
878,2,14,1942.4103511943472,91.34835540825715,0
879,13,8,1875.2211355162976,85.99702904461367,0
880,12,6,1512.1721785891773,84.56363897928264,0
881,4,16,1002.8201592807161,94.17944654958586,0
882,14,1,1740.736911905652,85.76450367004378,0
883,7,12,816.3776991921668,82.98132581659539,0
884,8,15,1797.624738471144,88.41612388333306,0
885,4,11,1308.8981239986038,91.13121275724077,0
886,6,10,1214.845255120258,87.67293685928836,0
887,12,2,1239.5228488291668,78.57943792918623,0
888,2,18,1269.2960892747435,91.17238487592161,0
889,10,9,1197.715529047819,86.2946498083929,0
890,11,10,1713.742822747795,96.40898784049294,1
891,4,8,1602.8461367607376,81.66871886979277,0
892,5,1,1516.2310258531234,82.22789196245601,0
893,9,6,1451.9240852393134,86.60082812243125,0
894,14,8,1784.5335796115296,86.01495818793751,0
895,10,6,1493.466459876851,88.20240783105433,0
896,11,2,1375.8382505031545,83.85803096683826,0
897,13,7,1448.978916157055,86.66008694445878,0
898,1,6,1419.8674931214198,76.68556935060263,0
899,3,7,1745.544347812679,88.27126795533098,0
900,5,6,1537.783018029594,83.61902003483837,0
901,1,15,1554.9205194267577,94.88250100006809,0
902,5,5,1534.6215191318947,86.55062861059625,0
903,14,3,1597.3412092205149,82.28909365576831,0
904,1,3,1378.4202480831457,81.3254678999924,0
905,13,5,2188.0380142547774,87.90827749682587,0
906,5,14,1634.4420393462133,88.45655371419957,0
907,3,9,1619.7384141483667,89.38355997121982,0
908,3,19,1345.2898023675866,96.94122893084611,0
909,4,8,1862.1078186331079,88.39144654297313,0
910,12,6,1411.7301271204747,87.78321819026421,0
911,12,18,1102.621041997373,93.67291733096098,0
912,3,12,1128.240431519313,84.02223736875115,0
913,7,17,979.8330380020863,93.71977303671103,0
914,1,6,1174.721541061303,81.57748113243436,0
915,4,8,1730.368489072755,91.11269620198726,0
916,3,19,1319.8847015010454,92.49885901633253,0
917,8,3,1673.668129557364,81.179511119277,0
918,14,8,1186.3995144238663,84.44906697339839,0
919,8,12,992.0332080252422,83.47456958452537,0
920,11,13,1686.4769005138885,93.7150571813502,0
921,13,18,1451.700452871201,92.89808801108637,0
922,14,13,1225.258522158691,87.89169212606893,0
923,6,16,1520.4534944528898,92.47614642084197,0
924,9,1,1772.7183556422233,75.4336797760763,0
925,12,8,1374.292181036687,85.82834565302491,0
926,8,1,1455.869351797941,80.51031040971289,0
927,10,16,1138.2010399115698,92.89025926617023,0
928,6,14,1190.3427827444234,86.06664263015438,0
929,14,4,1587.7328651515156,82.27977718238674,0
930,6,8,1671.5319347860159,83.90661802073537,0
931,12,18,1374.8756517434915,93.49243242501389,0
932,14,6,1521.8984439387855,84.86651425998862,0
933,9,2,899.9898582298858,79.11558755259414,0
934,7,10,1526.7929131801159,89.9252616404832,0
935,6,9,1590.6662848110234,85.91773193545686,0
936,2,10,1529.4175403945967,86.49061622823437,0
937,13,6,1507.585813833463,86.0223005317066,0
938,12,3,1898.8193870149812,81.08124776972507,0
939,11,3,2005.6524809055397,85.79566885207565,0
940,3,11,1267.2776980852252,82.89818209705298,0
941,14,14,1215.6989812144802,92.45624515237492,0
942,12,1,1424.789936983512,79.61605126262417,0
943,13,18,1283.2280253586441,95.06126719316978,1
944,14,1,1371.3518604688284,83.68333118232604,0
945,14,12,1949.015463299502,93.98367699932852,0
946,3,11,1435.6034955750883,88.58482438688486,0
947,1,17,1613.4439896120964,88.74193101795915,0
948,10,10,1926.5152944507013,91.08233457570745,0
949,7,2,1304.9915979701366,78.59316085546122,0
950,3,10,1683.8965039636307,87.4795475512885,0
951,13,4,1861.389525549887,86.0324837985433,0
952,9,9,1800.5000565415899,86.42319952808694,0
953,5,10,1583.0528046802756,85.56414886175962,0
954,11,2,1036.014181320195,77.24698249601998,0
955,13,1,1064.1342818863327,81.34536865827644,0
956,14,13,1572.1686046594837,90.94787665397527,0
957,14,14,1512.3169220482746,91.38031577406517,0
958,7,1,1654.2126245448255,78.2961247913853,0
959,14,14,1543.4881621464267,90.6766864509226,0
960,5,16,972.8652551375542,89.46213956003692,0
961,10,7,1823.1354000248116,86.77033815976682,0
962,3,4,1430.2328723104865,84.43157515099384,0
963,9,2,1721.4618089998958,78.34035874317581,0
964,6,10,1896.1760755642179,93.09232632146737,0
965,4,1,1579.3167157413823,84.73364943806453,0
966,10,3,1299.400143435096,80.58782519573381,0
967,14,10,1685.5521717214774,90.49392603671541,0
968,7,4,1900.148381663418,86.5015807791903,0
969,7,16,1654.9856305759777,94.70768357377305,0
970,11,4,1764.6503749088072,86.30486926413631,0
971,1,6,1000.2322750964005,81.86132155904471,0
972,11,11,1296.089869812209,87.49209913084326,0
973,12,10,1711.2132167194209,93.1600591223312,0
974,14,2,1025.8341636507814,78.12911529901794,0
975,9,3,1542.1388868270842,84.64077181398113,0
976,6,19,1545.9427582030812,91.66570015593729,0
977,7,5,2057.4098666484706,83.40851338121088,0
978,7,6,1400.3976590934953,87.89434078852268,0
979,4,17,1336.310563559446,96.13543770753219,0
980,6,14,1523.8956691313847,91.96536653834552,0
981,4,11,1545.6908143148435,90.31894951087816,0
982,12,13,1539.8326772842317,91.15240130150681,0
983,9,14,989.240172907173,86.84953137480747,0
984,1,1,1633.1265847519403,81.03948219219231,0
985,9,13,1425.9676101043508,89.85728125545131,0
986,10,19,1413.9691988268576,94.65178934388156,0
987,11,5,1174.0955991203336,81.22611079443537,0
988,14,19,1634.6383204193803,93.70315692555297,0
989,2,4,1469.228895736239,80.8709986597362,0
990,11,2,1239.4565284158095,84.72677189512963,0
991,1,15,1746.9744859609189,91.51010948874082,0
992,8,4,1895.818403970209,86.0404537684797,0
993,8,12,1236.281261084727,83.87896582667193,0
994,3,16,1337.8177965443083,95.03126539996431,0
995,11,19,1304.3615721651931,96.43780737336697,1
996,12,18,1403.9539432875345,89.9993566805809,0
997,4,18,1781.4352269042474,99.47892070682295,0
998,4,1,1671.0110219288267,75.32222510077364,0
999,12,19,1271.9378537216842,90.56938619367655,0
1000,5,19,1992.5703818496977,96.86032657625306,0
